161,201,201,332,324,232,230,348,Root,1
166,201,201,332,324,232,230,348,Root,1
203,202,202,380,415,Root,1
204,202,202,380,415,Root,1
261,203,203,202,380,415,Root,1
280,203,203,202,380,415,Root,1
243,204,204,202,380,415,Root,1
206,205,205,360,232,230,348,Root,1
111,206,206,205,360,232,230,348,Root,1
112,206,206,205,360,232,230,348,Root,1
115,207,207,331,324,232,230,348,Root,1
116,207,207,331,324,232,230,348,Root,1
117,207,207,331,324,232,230,348,Root,1
119,207,207,331,324,232,230,348,Root,1
209,208,208,363,415,Root,1
375,209,209,208,363,415,Root,1
376,209,209,208,363,415,Root,1
211,210,210,257,256,350,348,Root,1
212,210,210,257,256,350,348,Root,1
213,210,210,257,256,350,348,Root,1
214,210,210,257,256,350,348,Root,1
189,211,211,210,257,256,350,348,Root,1
191,211,211,210,257,256,350,348,Root,1
190,212,212,210,257,256,350,348,Root,1
187,213,213,210,257,256,350,348,Root,1
192,214,214,210,257,256,350,348,Root,1
216,215,215,396,260,258,415,Root,1
25,216,216,215,396,260,258,415,Root,1
23,216,216,215,396,260,258,415,Root,1
24,216,216,215,396,260,258,415,Root,1
81,217,217,237,235,374,349,348,Root,1
181,218,218,332,324,232,230,348,Root,1
220,219,219,364,379,416,415,Root,1
86,220,220,219,364,379,416,415,Root,1
198,221,221,313,361,232,230,348,Root,1
151,222,222,413,360,232,230,348,Root,1
152,222,222,413,360,232,230,348,Root,1
153,222,222,413,360,232,230,348,Root,1
154,222,222,413,360,232,230,348,Root,1
155,222,222,413,360,232,230,348,Root,1
156,222,222,413,360,232,230,348,Root,1
157,222,222,413,360,232,230,348,Root,1
224,223,223,279,366,415,Root,1
392,224,224,223,279,366,415,Root,1
5,225,225,242,240,367,366,415,Root,1
6,225,225,242,240,367,366,415,Root,1
7,225,225,242,240,367,366,415,Root,1
227,226,226,393,282,281,415,Root,1
100,227,227,226,393,282,281,415,Root,1
101,227,227,226,393,282,281,415,Root,1
38,228,228,398,238,231,230,348,Root,1
70,229,229,347,346,291,290,404,Root,1
231,230,230,348,Root,1
232,230,230,348,Root,1
238,231,231,230,348,Root,1
324,232,232,230,348,Root,1
295,232,232,230,348,Root,1
360,232,232,230,348,Root,1
361,232,232,230,348,Root,1
362,232,232,230,348,Root,1
333,232,232,230,348,Root,1
234,233,233,306,305,353,421,Root,1
33,234,234,233,306,305,353,421,Root,1
31,234,234,233,306,305,353,421,Root,1
32,234,234,233,306,305,353,421,Root,1
236,235,235,374,349,348,Root,1
237,235,235,374,349,348,Root,1
345,236,236,235,374,349,348,Root,1
217,237,237,235,374,349,348,Root,1
411,237,237,235,374,349,348,Root,1
288,237,237,235,374,349,348,Root,1
398,238,238,231,230,348,Root,1
90,239,239,401,400,371,267,266,Root,1
241,240,240,367,366,415,Root,1
242,240,240,367,366,415,Root,1
319,241,241,240,367,366,415,Root,1
225,242,242,240,367,366,415,Root,1
311,242,242,240,367,366,415,Root,1
304,242,242,240,367,366,415,Root,1
268,243,243,204,202,380,415,Root,1
245,244,244,324,232,230,348,Root,1
246,244,244,324,232,230,348,Root,1
247,244,244,324,232,230,348,Root,1
248,244,244,324,232,230,348,Root,1
54,245,245,244,324,232,230,348,Root,1
14,245,245,244,324,232,230,348,Root,1
15,245,245,244,324,232,230,348,Root,1
16,245,245,244,324,232,230,348,Root,1
17,246,246,244,324,232,230,348,Root,1
57,247,247,244,324,232,230,348,Root,1
139,248,248,244,324,232,230,348,Root,1
140,248,248,244,324,232,230,348,Root,1
148,249,249,331,324,232,230,348,Root,1
21,249,249,331,324,232,230,348,Root,1
251,250,250,360,232,230,348,Root,1
252,250,250,360,232,230,348,Root,1
253,250,250,360,232,230,348,Root,1
254,250,250,360,232,230,348,Root,1
255,250,250,360,232,230,348,Root,1
107,251,251,250,360,232,230,348,Root,1
108,251,251,250,360,232,230,348,Root,1
29,251,251,250,360,232,230,348,Root,1
30,251,251,250,360,232,230,348,Root,1
74,252,252,250,360,232,230,348,Root,1
75,253,253,250,360,232,230,348,Root,1
73,254,254,250,360,232,230,348,Root,1
93,255,255,250,360,232,230,348,Root,1
257,256,256,350,348,Root,1
321,257,257,256,350,348,Root,1
210,257,257,256,350,348,Root,1
259,258,258,415,Root,1
260,258,258,415,Root,1
277,259,259,258,415,Root,1
396,260,260,258,415,Root,1
262,261,261,203,202,380,415,Root,1
3,262,262,261,203,202,380,415,Root,1
147,263,263,275,274,279,366,415,Root,1
114,264,264,331,324,232,230,348,Root,1
41,265,265,398,238,231,230,348,Root,1
77,265,265,398,238,231,230,348,Root,1
78,265,265,398,238,231,230,348,Root,1
267,266,266,Root,1
371,267,267,266,Root,1
45,268,268,243,204,202,380,415,Root,1
68,269,269,347,346,291,290,404,Root,1
48,270,270,326,324,232,230,348,Root,1
272,271,271,324,232,230,348,Root,1
85,272,272,271,324,232,230,348,Root,1
35,273,273,326,324,232,230,348,Root,1
275,274,274,279,366,415,Root,1
276,274,274,279,366,415,Root,1
289,275,275,274,279,366,415,Root,1
370,275,275,274,279,366,415,Root,1
409,275,275,274,279,366,415,Root,1
263,275,275,274,279,366,415,Root,1
352,275,275,274,279,366,415,Root,1
388,276,276,274,279,366,415,Root,1
389,276,276,274,279,366,415,Root,1
390,276,276,274,279,366,415,Root,1
318,277,277,259,258,415,Root,1
88,278,278,325,324,232,230,348,Root,1
274,279,279,366,415,Root,1
223,279,279,366,415,Root,1
294,280,280,203,202,380,415,Root,1
282,281,281,415,Root,1
393,282,282,281,415,Root,1
284,283,283,362,232,230,348,Root,1
285,283,283,362,232,230,348,Root,1
286,283,283,362,232,230,348,Root,1
287,283,283,362,232,230,348,Root,1
135,284,284,283,362,232,230,348,Root,1
137,285,285,283,362,232,230,348,Root,1
136,286,286,283,362,232,230,348,Root,1
138,287,287,283,362,232,230,348,Root,1
82,288,288,237,235,374,349,348,Root,1
79,288,288,237,235,374,349,348,Root,1
146,289,289,275,274,279,366,415,Root,1
141,289,289,275,274,279,366,415,Root,1
144,289,289,275,274,279,366,415,Root,1
291,290,290,404,Root,1
346,291,291,290,404,Root,1
46,292,292,377,400,371,267,266,Root,1
87,292,292,377,400,371,267,266,Root,1
89,293,293,401,400,371,267,266,Root,1
1,294,294,280,203,202,380,415,Root,1
2,294,294,280,203,202,380,415,Root,1
297,295,295,232,230,348,Root,1
298,295,295,232,230,348,Root,1
296,295,295,232,230,348,Root,1
308,296,296,295,232,230,348,Root,1
335,297,297,295,232,230,348,Root,1
344,298,298,295,232,230,348,Root,1
342,298,298,295,232,230,348,Root,1
343,298,298,295,232,230,348,Root,1
336,298,298,295,232,230,348,Root,1
20,299,299,330,324,232,230,348,Root,1
178,300,300,332,324,232,230,348,Root,1
194,301,301,313,361,232,230,348,Root,1
303,302,302,404,Root,1
309,303,303,302,404,Root,1
106,304,304,242,240,367,366,415,Root,1
306,305,305,353,421,Root,1
233,306,306,305,353,421,Root,1
372,306,306,305,353,421,Root,1
312,306,306,305,353,421,Root,1
104,307,307,329,324,232,230,348,Root,1
185,308,308,296,295,232,230,348,Root,1
186,308,308,296,295,232,230,348,Root,1
412,309,309,303,302,404,Root,1
12,310,310,325,324,232,230,348,Root,1
8,311,311,242,240,367,366,415,Root,1
110,312,312,306,305,353,421,Root,1
301,313,313,361,232,230,348,Root,1
317,313,313,361,232,230,348,Root,1
314,313,313,361,232,230,348,Root,1
315,313,313,361,232,230,348,Root,1
316,313,313,361,232,230,348,Root,1
221,313,313,361,232,230,348,Root,1
197,314,314,313,361,232,230,348,Root,1
196,315,315,313,361,232,230,348,Root,1
199,315,315,313,361,232,230,348,Root,1
193,316,316,313,361,232,230,348,Root,1
195,317,317,313,361,232,230,348,Root,1
44,318,318,277,259,258,415,Root,1
58,319,319,241,240,367,366,415,Root,1
18,320,320,334,333,232,230,348,Root,1
322,321,321,257,256,350,348,Root,1
323,321,321,257,256,350,348,Root,1
36,322,322,321,257,256,350,348,Root,1
188,323,323,321,257,256,350,348,Root,1
325,324,324,232,230,348,Root,1
326,324,324,232,230,348,Root,1
327,324,324,232,230,348,Root,1
328,324,324,232,230,348,Root,1
329,324,324,232,230,348,Root,1
330,324,324,232,230,348,Root,1
331,324,324,232,230,348,Root,1
332,324,324,232,230,348,Root,1
271,324,324,232,230,348,Root,1
244,324,324,232,230,348,Root,1
419,325,325,324,232,230,348,Root,1
356,325,325,324,232,230,348,Root,1
368,325,325,324,232,230,348,Root,1
340,325,325,324,232,230,348,Root,1
278,325,325,324,232,230,348,Root,1
406,325,325,324,232,230,348,Root,1
310,325,325,324,232,230,348,Root,1
351,325,325,324,232,230,348,Root,1
355,326,326,324,232,230,348,Root,1
270,326,326,324,232,230,348,Root,1
273,326,326,324,232,230,348,Root,1
373,326,326,324,232,230,348,Root,1
378,326,326,324,232,230,348,Root,1
414,326,326,324,232,230,348,Root,1
337,327,327,324,232,230,348,Root,1
410,328,328,324,232,230,348,Root,1
307,329,329,324,232,230,348,Root,1
299,330,330,324,232,230,348,Root,1
385,331,331,324,232,230,348,Root,1
386,331,331,324,232,230,348,Root,1
387,331,331,324,232,230,348,Root,1
264,331,331,324,232,230,348,Root,1
207,331,331,324,232,230,348,Root,1
369,331,331,324,232,230,348,Root,1
339,331,331,324,232,230,348,Root,1
249,331,331,324,232,230,348,Root,1
382,331,331,324,232,230,348,Root,1
383,331,331,324,232,230,348,Root,1
384,331,331,324,232,230,348,Root,1
418,332,332,324,232,230,348,Root,1
357,332,332,324,232,230,348,Root,1
391,332,332,324,232,230,348,Root,1
201,332,332,324,232,230,348,Root,1
300,332,332,324,232,230,348,Root,1
397,332,332,324,232,230,348,Root,1
365,332,332,324,232,230,348,Root,1
405,332,332,324,232,230,348,Root,1
341,332,332,324,232,230,348,Root,1
408,332,332,324,232,230,348,Root,1
218,332,332,324,232,230,348,Root,1
334,333,333,232,230,348,Root,1
320,334,334,333,232,230,348,Root,1
134,335,335,297,295,232,230,348,Root,1
19,336,336,298,295,232,230,348,Root,1
94,337,337,327,324,232,230,348,Root,1
4,338,338,372,306,305,353,421,Root,1
122,339,339,331,324,232,230,348,Root,1
132,339,339,331,324,232,230,348,Root,1
133,339,339,331,324,232,230,348,Root,1
49,340,340,325,324,232,230,348,Root,1
162,341,341,332,324,232,230,348,Root,1
180,341,341,332,324,232,230,348,Root,1
150,342,342,298,295,232,230,348,Root,1
91,343,343,298,295,232,230,348,Root,1
149,344,344,298,295,232,230,348,Root,1
83,345,345,236,235,374,349,348,Root,1
347,346,346,291,290,404,Root,1
394,347,347,346,291,290,404,Root,1
395,347,347,346,291,290,404,Root,1
269,347,347,346,291,290,404,Root,1
229,347,347,346,291,290,404,Root,1
350,348,348,Root,1
349,348,348,Root,1
230,348,348,Root,1
374,349,349,348,Root,1
256,350,350,348,Root,1
97,351,351,325,324,232,230,348,Root,1
98,351,351,325,324,232,230,348,Root,1
95,351,351,325,324,232,230,348,Root,1
96,351,351,325,324,232,230,348,Root,1
143,352,352,275,274,279,366,415,Root,1
305,353,353,421,Root,1
42,354,354,398,238,231,230,348,Root,1
34,355,355,326,324,232,230,348,Root,1
9,356,356,325,324,232,230,348,Root,1
11,356,356,325,324,232,230,348,Root,1
99,357,357,332,324,232,230,348,Root,1
359,358,358,361,232,230,348,Root,1
28,359,359,358,361,232,230,348,Root,1
250,360,360,232,230,348,Root,1
205,360,360,232,230,348,Root,1
413,360,360,232,230,348,Root,1
313,361,361,232,230,348,Root,1
358,361,361,232,230,348,Root,1
283,362,362,232,230,348,Root,1
208,363,363,415,Root,1
219,364,364,379,416,415,Root,1
159,365,365,332,324,232,230,348,Root,1
367,366,366,415,Root,1
279,366,366,415,Root,1
240,367,367,366,415,Root,1
26,368,368,325,324,232,230,348,Root,1
27,368,368,325,324,232,230,348,Root,1
76,369,369,331,324,232,230,348,Root,1
142,370,370,275,274,279,366,415,Root,1
400,371,371,267,266,Root,1
338,372,372,306,305,353,421,Root,1
55,373,373,326,324,232,230,348,Root,1
235,374,374,349,348,Root,1
417,375,375,209,208,363,415,Root,1
402,376,376,209,208,363,415,Root,1
403,376,376,209,208,363,415,Root,1
292,377,377,400,371,267,266,Root,1
56,378,378,326,324,232,230,348,Root,1
364,379,379,416,415,Root,1
202,380,380,415,Root,1
43,381,381,398,238,231,230,348,Root,1
37,381,381,398,238,231,230,348,Root,1
39,381,381,398,238,231,230,348,Root,1
131,382,382,331,324,232,230,348,Root,1
127,383,383,331,324,232,230,348,Root,1
113,384,384,331,324,232,230,348,Root,1
121,384,384,331,324,232,230,348,Root,1
123,384,384,331,324,232,230,348,Root,1
124,384,384,331,324,232,230,348,Root,1
126,384,384,331,324,232,230,348,Root,1
128,384,384,331,324,232,230,348,Root,1
129,385,385,331,324,232,230,348,Root,1
125,385,385,331,324,232,230,348,Root,1
130,386,386,331,324,232,230,348,Root,1
120,387,387,331,324,232,230,348,Root,1
65,388,388,276,274,279,366,415,Root,1
66,388,388,276,274,279,366,415,Root,1
59,388,388,276,274,279,366,415,Root,1
60,388,388,276,274,279,366,415,Root,1
61,388,388,276,274,279,366,415,Root,1
62,388,388,276,274,279,366,415,Root,1
64,388,388,276,274,279,366,415,Root,1
63,389,389,276,274,279,366,415,Root,1
84,390,390,276,274,279,366,415,Root,1
177,391,391,332,324,232,230,348,Root,1
71,392,392,224,223,279,366,415,Root,1
72,392,392,224,223,279,366,415,Root,1
226,393,393,282,281,415,Root,1
69,394,394,347,346,291,290,404,Root,1
67,395,395,347,346,291,290,404,Root,1
215,396,396,260,258,415,Root,1
179,397,397,332,324,232,230,348,Root,1
172,397,397,332,324,232,230,348,Root,1
173,397,397,332,324,232,230,348,Root,1
354,398,398,238,231,230,348,Root,1
228,398,398,238,231,230,348,Root,1
103,398,398,238,231,230,348,Root,1
265,398,398,238,231,230,348,Root,1
407,398,398,238,231,230,348,Root,1
381,398,398,238,231,230,348,Root,1
105,399,399,412,309,303,302,404,Root,1
22,399,399,412,309,303,302,404,Root,1
377,400,400,371,267,266,Root,1
401,400,400,371,267,266,Root,1
293,401,401,400,371,267,266,Root,1
239,401,401,400,371,267,266,Root,1
53,402,402,376,209,208,363,415,Root,1
50,403,403,376,209,208,363,415,Root,1
51,403,403,376,209,208,363,415,Root,1
290,404,404,Root,1
302,404,404,Root,1
163,405,405,332,324,232,230,348,Root,1
164,405,405,332,324,232,230,348,Root,1
165,405,405,332,324,232,230,348,Root,1
167,405,405,332,324,232,230,348,Root,1
169,405,405,332,324,232,230,348,Root,1
171,405,405,332,324,232,230,348,Root,1
109,405,405,332,324,232,230,348,Root,1
174,405,405,332,324,232,230,348,Root,1
175,405,405,332,324,232,230,348,Root,1
176,405,405,332,324,232,230,348,Root,1
182,405,405,332,324,232,230,348,Root,1
158,405,405,332,324,232,230,348,Root,1
160,405,405,332,324,232,230,348,Root,1
10,406,406,325,324,232,230,348,Root,1
102,407,407,398,238,231,230,348,Root,1
40,407,407,398,238,231,230,348,Root,1
170,408,408,332,324,232,230,348,Root,1
168,408,408,332,324,232,230,348,Root,1
200,408,408,332,324,232,230,348,Root,1
145,409,409,275,274,279,366,415,Root,1
118,410,410,328,324,232,230,348,Root,1
80,411,411,237,235,374,349,348,Root,1
92,412,412,309,303,302,404,Root,1
399,412,412,309,303,302,404,Root,1
222,413,413,360,232,230,348,Root,1
47,414,414,326,324,232,230,348,Root,1
258,415,415,Root,1
363,415,415,Root,1
366,415,415,Root,1
281,415,415,Root,1
380,415,415,Root,1
416,415,415,Root,1
379,416,416,415,Root,1
52,417,417,375,209,208,363,415,Root,1
183,418,418,332,324,232,230,348,Root,1
184,418,418,332,324,232,230,348,Root,1
13,419,419,325,324,232,230,348,Root,1
266,420,Root,1
348,420,Root,1
404,420,Root,1
421,420,Root,1
415,420,Root,1
353,421,421,Root,1
